{
  "images" : [
    {
      "idiom" : "iphone",
      "filename" : "Ink-iPhone.png",
      "scale" : "1x"
    },
    {
      "idiom" : "iphone",
      "filename" : "Ink-iPhone@2x.png",
      "scale" : "2x"
    },
    {
      "idiom" : "iphone",
      "filename" : "Ink-iPhone@3x.png",
      "scale" : "3x"
    },
    {
      "idiom" : "ipad",
      "filename" : "Ink-iPad.png",
      "scale" : "1x"
    },
    {
      "idiom" : "ipad",
      "filename" : "Ink-iPad@2x.png",
      "scale" : "2x"
    }
  ],
  "info" : {
    "version" : 1,
    "author" : "xcode"
  }
}